{
  "reposts_count": 171,
  "scheme": "http://m.weibo.cn/1641537045/E91f233Ds?",
  "comments_count": 192,
  "mblogid": "E91f233Ds",
  "like_count": 44,
  "user": {
    "name": "谢泽泽泽泽丶",
    "fansNum": 8397,
    "statuses_count": 2171
  },
  "text": "#上海租房#来微博上问一下，上海有人要租房子的么，我租了一整套，四室的，精装修，两个卫生间，一个大厨房，一个小厨房，两个洗衣机，小区环境还不错的。还有两个单间出租，在浦东张江，孙建路 申城佳苑 要也是后期的话可以来旁蹭听小班课[哆啦A梦花心] 一间2000左右 @上海租房",
  "created_at": "09-19 19:05"
},
{
  "reposts_count": 1,
  "scheme": "http://m.weibo.cn/1641537045/Ef1OBtvQr?",
  "comments_count": 1,
  "mblogid": "Ef1OBtvQr",
  "like_count": 0,
  "user": {
    "name": "一直在旅行一直在恋爱",
    "fansNum": 139,
    "statuses_count": 424
  },
  "text": "求整租2室一厅，2号线娄山关路，威宁路，淞虹路周边，预算5500左右。一家三口（其中有一新生儿）+父母，要求房间整洁干净，家电齐全，交通方便，步梯房不要底楼和顶楼@上海租房",
  "created_at": "今天 07:34"
},
{
  "reposts_count": 0,
  "scheme": "http://m.weibo.cn/1641537045/Ef03Lj54z?",
  "comments_count": 1,
  "mblogid": "Ef03Lj54z",
  "like_count": 0,
  "user": {
    "name": "琴菲儿fei",
    "fansNum": 46,
    "statuses_count": 84
  },
  "text": "#上海租房##上海租房找室友##上海租房信息#@上海租房 本人女子一枚，工作地点在13号线真北路附近，想找附近的房源~不介意share一间卧室，有两张床是极好的~干净就可以。另小女子不计较，会做菜，可萌可逗可安静~~找室友的妹子快来吧~~你的室友已上线了呢[太开心][太开心]",
  "created_at": "今天 03:06"
},
{
  "reposts_count": 0,
  "scheme": "http://m.weibo.cn/1641537045/EeYLU2GQd?",
  "comments_count": 0,
  "mblogid": "EeYLU2GQd",
  "like_count": 0,
  "user": {
    "name": "IntheMoodforLove_Liu",
    "fansNum": 748,
    "statuses_count": 2545
  },
  "text": "#上海租房## 【上海租房】我们一共4个人希望整租一个4室或3室的房子，位置在内环内最好，在浦东接近内环处也可以，价格在8000左右最好，不过房子环境很好也可以适当加价。简装修和精装修都无所谓，谢谢大家！@北上广无中介租房 @互助租房 @豆瓣北京租房 @上海租房无中介联盟 @上海租房...全文",
  "created_at": "10-28 23:50"
},
{
  "reposts_count": 0,
  "scheme": "http://m.weibo.cn/1641537045/EeYlBv7bn?",
  "comments_count": 1,
  "mblogid": "EeYlBv7bn",
  "like_count": 0,
  "user": {
    "name": "杏仁mix",
    "fansNum": 96,
    "statuses_count": 590
  },
  "text": "#上海租房#急！求租二号线张江高科附近整租一室户，带卫生间和厨房的，或者离蓝村路站不超过一小时路程附近的整租一室户！！最好在2000以内，资金有限[眼泪][眼泪][眼泪]，中介勿扰！！@上海租房无中介 @应届毕业生上海租房 @上海租房 @上海租房无中介联盟 @上海浦东租房联播 [眼泪][眼泪] 上海·浦东新区",
  "created_at": "10-28 22:45"
},
{
  "reposts_count": 1,
  "scheme": "http://m.weibo.cn/1641537045/EeXkop2vu?",
  "comments_count": 6,
  "mblogid": "EeXkop2vu",
  "like_count": 0,
  "user": {
    "name": "肆柒壹",
    "fansNum": 261,
    "statuses_count": 310
  },
  "text": "#上海租房#坐标上海徐汇龙吴路上（离虹漕路蛮近的），1850包水电！可压一付一。可签半年合同哦，只限两个女生住！隔壁两个女生#上海租房# 公共区域很干净！厨房平常没人用，也很舒适，可提前过来看房子！@上海租房",
  "created_at": "10-28 20:09"
},
{
  "reposts_count": 0,
  "scheme": "http://m.weibo.cn/1641537045/EeX6Ljamp?",
  "comments_count": 2,
  "mblogid": "EeX6Ljamp",
  "like_count": 1,
  "user": {
    "name": "小西--吃包子了",
    "fansNum": 24,
    "statuses_count": 150
  },
  "text": "单间出租，可在11月中旬入住，因工作问题急需转租。@上海租房 @ 华悦家园二期紧临12号地铁线，北边就有沃尔玛超市，电影院等，南边紧临上师大学校，出门就有公交站，地铁站。交通便利，购物方便，设施齐全。（拎包即可入住）",
  "created_at": "10-28 19:35"
},
{
  "reposts_count": 1,
  "scheme": "http://m.weibo.cn/1641537045/EeUXiCj7b?",
  "comments_count": 2,
  "mblogid": "EeUXiCj7b",
  "like_count": 0,
  "user": {
    "name": "凤四-女警",
    "fansNum": 980,
    "statuses_count": 6803
  },
  "text": "@上海租房 想找徐泾东附近的房子 1500以内",
  "created_at": "10-28 14:07"
},
{
  "reposts_count": 3,
  "scheme": "http://m.weibo.cn/1641537045/EeUkLhORp?",
  "comments_count": 7,
  "mblogid": "EeUkLhORp",
  "like_count": 0,
  "user": {
    "name": "V醉三千V",
    "fansNum": 9,
    "statuses_count": 171
  },
  "text": "#上海租房# @上海租房 精装一号线有独立阳台，合租南卧，面积21.4。真实图片东门有沃尔玛以及大型超市，周围有健身房，电影院。距一号线800米，交通方便，可加微13601877180，也是本人电话。只需1890！1890！",
  "created_at": "10-28 12:32"
},
{
  "reposts_count": 0,
  "scheme": "http://m.weibo.cn/1641537045/EeUcvcujw?",
  "comments_count": 8,
  "mblogid": "EeUcvcujw",
  "like_count": 0,
  "user": {
    "name": "吴佳瑶爸爸26699",
    "fansNum": 1,
    "statuses_count": 2
  },
  "text": "个人急租 本人因工作临时调动转租  无中介费。高科西路2111弄锦博苑朝南原始大主卧 天然气厨房 步行五分钟到地铁  租金2100元 有意向联系来看房[抱抱][抱抱][抱抱][抱抱][抱抱][抱抱][抱抱]电话@上海租房 13585828051",
  "created_at": "10-28 12:11"
},
{
  "reposts_count": 2,
  "scheme": "http://m.weibo.cn/1641537045/EeU2jpCJi?",
  "comments_count": 21,
  "mblogid": "EeU2jpCJi",
  "like_count": 2,
  "user": {
    "name": "洁猫猫宝",
    "fansNum": 131,
    "statuses_count": 26
  },
  "text": "#上海租房# 12号线爱国路地铁口三分钟即到，朝南大卧室出租啦…！1200，押一付二， 带阳台，住的都是90后小伙伴，现急需找一名活泼可爱的妹子做室友，周边设施齐全，距离南京西路二十五分钟，五角场十五分钟，有兴趣的来骚扰哈！@上海租房 @上海租房无中介联盟 帮忙转发！谢谢！",
  "created_at": "10-28 11:46"
},
